EventName,Driver,QualyAvg_LapTime,QualyFastest_LapTime,QualyAvgSpeedI1,QualyAvgSpeedI2
Abu Dhabi Grand Prix,ALB,95.8845,83.821,265.6666666666667,281.5
Australian Grand Prix,ALB,91.0515,77.13,259.0,288.46666666666664
Austrian Grand Prix,ALB,81.284,65.736,294.8888888888889,205.33333333333334
Azerbaijan Grand Prix,ALB,117.25225,102.84,173.73684210526315,204.89473684210526
Bahrain Grand Prix,ALB,104.6405,90.221,201.66666666666666,238.41666666666666
Belgian Grand Prix,ALB,124.1147,114.473,295.8125,169.75
British Grand Prix,ALB,101.51093333333333,86.64,271.54545454545456,233.5909090909091
Canadian Grand Prix,ALB,86.7505,72.485,232.57692307692307,250.46153846153845
Chinese Grand Prix,ALB,108.90325,95.241,246.85714285714286,249.28571428571428
Dutch Grand Prix,ALB,85.02233333333334,70.653,248.94444444444446,248.55555555555554
Emilia Romagna Grand Prix,ALB,88.40025,76.2,198.5,236.25
Hungarian Grand Prix,ALB,90.65191666666668,76.429,242.3125,222.4375
Italian Grand Prix,ALB,92.23681818181818,80.299,274.44444444444446,313.94444444444446
Japanese Grand Prix,ALB,107.71666666666665,89.714,254.55555555555554,267.44444444444446
Las Vegas Grand Prix,ALB,107.69225,94.425,161.9,197.3
Mexico City Grand Prix,ALB,85.89645454545455,76.988,282.1111111111111,259.5
Miami Grand Prix,ALB,103.16869999999999,88.343,195.66666666666666,157.66666666666666
Monaco Grand Prix,ALB,87.10068,70.948,175.41379310344828,177.24137931034483
Qatar Grand Prix,ALB,98.87985714285715,82.39,210.77777777777777,245.0
Saudi Arabian Grand Prix,ALB,107.6709090909091,88.98,264.625,282.2
Singapore Grand Prix,ALB,106.13285714285715,90.474,285.75,241.41666666666666
Spanish Grand Prix,ALB,87.0795,73.153,212.33333333333334,257.5
São Paulo Grand Prix,ALB,96.41582352941177,84.657,275.32,183.08333333333334
United States Grand Prix,ALB,110.83800000000001,94.051,194.375,146.0
Abu Dhabi Grand Prix,ALO,97.95116666666667,83.196,253.52631578947367,268.10526315789474
Australian Grand Prix,ALO,91.464625,76.71,267.95,293.45
Austrian Grand Prix,ALO,76.978,65.639,284.0,201.0
Azerbaijan Grand Prix,ALO,117.70708333333333,102.369,179.26315789473685,184.73684210526315
Bahrain Grand Prix,ALO,107.38077777777778,89.542,216.85714285714286,221.07142857142858
Belgian Grand Prix,ALO,121.69908333333332,114.258,280.9130434782609,167.7391304347826
British Grand Prix,ALO,102.077875,86.73,278.4347826086956,245.2608695652174
Canadian Grand Prix,ALO,88.4794705882353,72.228,238.0,264.7391304347826
Chinese Grand Prix,ALO,112.00566666666666,94.148,236.8,224.2
Dutch Grand Prix,ALO,84.10218181818182,70.633,262.4375,251.875
Emilia Romagna Grand Prix,ALO,106.9465,76.917,204.0,238.57142857142858
Hungarian Grand Prix,ALO,90.30909090909091,76.043,247.44444444444446,221.94444444444446
Italian Grand Prix,ALO,94.67871428571428,80.421,264.3636363636364,275.0
Japanese Grand Prix,ALO,107.139375,88.686,251.41666666666666,266.8333333333333
Las Vegas Grand Prix,ALO,108.49957142857144,94.258,170.88888888888889,186.44444444444446
Mexico City Grand Prix,ALO,94.334,77.168,268.9166666666667,260.5
Miami Grand Prix,ALO,106.2099090909091,88.427,191.66666666666666,167.8
Monaco Grand Prix,ALO,85.249,72.019,191.0,180.9090909090909
Qatar Grand Prix,ALO,95.60025,81.208,222.31578947368422,259.8421052631579
Saudi Arabian Grand Prix,ALO,104.74583333333334,87.846,266.8235294117647,285.70588235294116
Singapore Grand Prix,ALO,106.9578888888889,90.214,242.75,241.75
Spanish Grand Prix,ALO,93.390625,72.128,236.25,230.75
São Paulo Grand Prix,ALO,97.98758333333332,85.035,269.0,188.6
United States Grand Prix,ALO,105.47891666666668,93.309,191.88888888888889,158.77777777777777
Azerbaijan Grand Prix,BEA,116.1192,102.968,184.71428571428572,195.78571428571428
Saudi Arabian Grand Prix,BEA,105.03258333333333,88.642,269.1666666666667,259.3333333333333
São Paulo Grand Prix,BEA,98.017375,91.229,257.1,143.1
Abu Dhabi Grand Prix,BOT,94.74655555555555,83.204,262.46666666666664,273.6
Australian Grand Prix,BOT,92.72381818181817,77.34,253.2,275.4
Austrian Grand Prix,BOT,80.46083333333333,65.847,257.3333333333333,213.55555555555554
Azerbaijan Grand Prix,BOT,122.75219999999999,103.618,185.42857142857142,190.71428571428572
Bahrain Grand Prix,BOT,105.14725,90.756,208.83333333333334,247.16666666666666
Belgian Grand Prix,BOT,128.47718181818183,114.764,284.5882352941176,163.58823529411765
British Grand Prix,BOT,103.69085714285714,92.431,277.1,234.7
Canadian Grand Prix,BOT,90.3605,73.366,234.8,258.9
Chinese Grand Prix,BOT,106.23275,94.665,236.4,240.21428571428572
Dutch Grand Prix,BOT,84.36200000000001,72.168,251.22222222222223,250.44444444444446
Emilia Romagna Grand Prix,BOT,90.20125,76.626,202.66666666666666,209.33333333333334
Hungarian Grand Prix,BOT,91.60484615384615,76.384,245.38888888888889,222.72222222222223
Italian Grand Prix,BOT,96.462,81.101,279.1666666666667,300.5
Japanese Grand Prix,BOT,102.600875,89.593,244.33333333333334,270.3333333333333
Las Vegas Grand Prix,BOT,108.3335,94.43,147.7,182.4
Mexico City Grand Prix,BOT,87.741375,77.393,261.85714285714283,269.64285714285717
Miami Grand Prix,BOT,98.00133333333333,88.463,203.0,172.5
Monaco Grand Prix,BOT,91.61966666666666,72.512,171.0909090909091,175.1818181818182
Qatar Grand Prix,BOT,97.62907142857144,81.731,226.42105263157896,262.0
Saudi Arabian Grand Prix,BOT,103.23785714285714,89.179,260.8888888888889,288.1111111111111
Singapore Grand Prix,BOT,107.45883333333335,91.572,271.44444444444446,237.55555555555554
Spanish Grand Prix,BOT,92.96475,72.227,218.5,239.25
São Paulo Grand Prix,BOT,98.69078571428572,86.472,264.63157894736844,168.6315789473684
United States Grand Prix,BOT,107.38433333333334,94.152,198.22222222222223,168.66666666666666
Abu Dhabi Grand Prix,COL,90.71975,83.912,279.0,294.6666666666667
Azerbaijan Grand Prix,COL,114.94492307692309,102.473,186.45,201.6
Italian Grand Prix,COL,95.64750000000001,81.061,268.1666666666667,318.0
Las Vegas Grand Prix,COL,106.67045454545455,93.746,162.1875,194.3125
Mexico City Grand Prix,COL,87.72275,77.558,269.6666666666667,271.0
Qatar Grand Prix,COL,94.04771428571428,82.594,225.0,268.8888888888889
Singapore Grand Prix,COL,107.154,90.481,276.8333333333333,249.66666666666666
São Paulo Grand Prix,COL,100.81099999999999,91.27,215.5,125.25
United States Grand Prix,COL,116.37866666666666,94.062,177.5,137.0
Abu Dhabi Grand Prix,DOO,98.8495,84.105,245.16666666666666,279.6666666666667
Abu Dhabi Grand Prix,GAS,95.86454545454545,82.984,255.44444444444446,283.77777777777777
Australian Grand Prix,GAS,90.281375,77.982,263.0,301.45454545454544
Austrian Grand Prix,GAS,77.85736363636364,65.335,268.05555555555554,199.55555555555554
Azerbaijan Grand Prix,GAS,117.6002,103.088,188.8,191.13333333333333
Bahrain Grand Prix,GAS,102.7355,90.948,208.66666666666666,222.22222222222223
Belgian Grand Prix,GAS,127.81315384615384,114.635,286.8235294117647,171.58823529411765
British Grand Prix,GAS,110.59380000000002,99.804,258.7142857142857,225.71428571428572
Canadian Grand Prix,GAS,85.80161538461539,72.94,230.55555555555554,265.6666666666667
Chinese Grand Prix,GAS,109.14066666666668,95.287,224.33333333333334,230.46666666666667
Dutch Grand Prix,GAS,84.36149999999999,70.815,238.85,251.3
Emilia Romagna Grand Prix,GAS,88.75277777777778,76.015,197.57142857142858,230.85714285714286
Hungarian Grand Prix,GAS,101.241,78.166,254.83333333333334,215.0
Italian Grand Prix,GAS,97.96045454545455,80.738,275.4375,295.3125
Japanese Grand Prix,GAS,103.98175,90.119,259.5,281.6666666666667
Las Vegas Grand Prix,GAS,107.92722222222223,92.664,157.66666666666666,188.44
Mexico City Grand Prix,GAS,88.602,76.892,262.27777777777777,256.94117647058823
Miami Grand Prix,GAS,100.3528888888889,87.976,193.0,173.13333333333333
Monaco Grand Prix,GAS,85.56154166666666,70.896,176.46666666666667,172.66666666666666
Qatar Grand Prix,GAS,102.1125,81.437,221.72222222222223,268.8333333333333
Saudi Arabian Grand Prix,GAS,100.65057142857142,89.479,276.6666666666667,291.44444444444446
Singapore Grand Prix,GAS,111.23916666666668,91.312,260.6666666666667,254.77777777777777
Spanish Grand Prix,GAS,85.60381818181817,71.857,235.16666666666666,246.0
São Paulo Grand Prix,GAS,99.97850000000001,89.42,251.85,186.38888888888889
United States Grand Prix,GAS,107.4963076923077,93.018,190.5,154.95
Abu Dhabi Grand Prix,HAM,102.507,83.887,234.42857142857142,266.42857142857144
Australian Grand Prix,HAM,94.117,76.96,246.26666666666668,280.46666666666664
Austrian Grand Prix,HAM,78.19645454545454,64.903,254.38888888888889,201.0
Azerbaijan Grand Prix,HAM,120.236625,102.289,174.13636363636363,183.22727272727272
Bahrain Grand Prix,HAM,100.35281818181817,89.71,214.55555555555554,218.94444444444446
Belgian Grand Prix,HAM,123.82249999999999,113.835,278.45454545454544,173.95454545454547
British Grand Prix,HAM,97.7525294117647,85.99,271.5217391304348,245.70833333333334
Canadian Grand Prix,HAM,85.35245,71.979,227.26923076923077,253.69230769230768
Chinese Grand Prix,HAM,112.33574999999999,95.573,246.5,241.16666666666666
Dutch Grand Prix,HAM,90.74066666666666,70.948,236.15384615384616,211.46153846153845
Emilia Romagna Grand Prix,HAM,88.46300000000001,75.504,193.6,221.0
Hungarian Grand Prix,HAM,86.58913333333334,75.854,236.69565217391303,226.17391304347825
Italian Grand Prix,HAM,95.35463636363637,79.513,271.22222222222223,281.27777777777777
Japanese Grand Prix,HAM,102.2174,88.766,256.2,270.6
Las Vegas Grand Prix,HAM,110.88326315789475,92.567,165.8695652173913,190.04166666666666
Mexico City Grand Prix,HAM,88.59880000000001,76.651,256.3333333333333,247.94444444444446
Miami Grand Prix,HAM,102.15338461538461,87.697,190.57142857142858,165.04761904761904
Monaco Grand Prix,HAM,87.08554166666666,70.621,176.57142857142858,182.85714285714286
Qatar Grand Prix,HAM,102.15245,81.011,219.55555555555554,264.5925925925926
Saudi Arabian Grand Prix,HAM,102.0205625,88.46,268.7826086956522,291.6521739130435
Singapore Grand Prix,HAM,102.35528571428571,89.841,258.125,231.53333333333333
Spanish Grand Prix,HAM,82.8289090909091,71.701,240.77777777777777,246.44444444444446
São Paulo Grand Prix,HAM,97.759375,91.15,266.27272727272725,160.6
United States Grand Prix,HAM,112.65025,94.154,181.16666666666666,156.83333333333334
Abu Dhabi Grand Prix,HUL,94.93672727272728,82.886,267.52941176470586,269.7647058823529
Australian Grand Prix,HUL,85.947,77.976,266.0,299.625
Austrian Grand Prix,HUL,73.928,65.262,266.85714285714283,213.52380952380952
Azerbaijan Grand Prix,HUL,118.0615,103.101,179.85714285714286,201.64285714285714
Bahrain Grand Prix,HUL,99.93154545454546,89.851,213.33333333333334,236.38888888888889
Belgian Grand Prix,HUL,124.92649999999999,116.308,279.44444444444446,173.66666666666666
British Grand Prix,HUL,95.94627272727271,86.338,279.47058823529414,238.11764705882354
Canadian Grand Prix,HUL,88.021625,73.978,240.9,261.1
Chinese Grand Prix,HUL,107.4135,94.604,254.52380952380952,245.57142857142858
Dutch Grand Prix,HUL,81.65599999999999,71.215,266.88235294117646,257.52941176470586
Emilia Romagna Grand Prix,HUL,86.14138461538461,75.569,209.57142857142858,223.61904761904762
Hungarian Grand Prix,HUL,88.33279999999999,76.317,243.26666666666668,220.93333333333334
Italian Grand Prix,HUL,91.80081818181817,80.339,283.6666666666667,285.1111111111111
Japanese Grand Prix,HUL,99.94,89.494,261.5833333333333,284.0833333333333
Las Vegas Grand Prix,HUL,108.63781818181819,93.062,166.94117647058823,189.76470588235293
Mexico City Grand Prix,HUL,85.9705,76.995,260.11764705882354,246.05882352941177
Miami Grand Prix,HUL,103.932,88.146,205.95238095238096,165.47619047619048
Monaco Grand Prix,HUL,84.5898125,71.44,179.3,177.45
Qatar Grand Prix,HUL,101.018625,82.442,207.0,250.2
Saudi Arabian Grand Prix,HUL,100.90183333333334,89.055,271.1111111111111,304.77777777777777
Singapore Grand Prix,HUL,104.0359,90.115,271.52941176470586,242.58823529411765
Spanish Grand Prix,HUL,89.196875,72.31,241.5,248.75
São Paulo Grand Prix,HUL,96.19844444444445,91.623,248.08333333333334,190.27272727272728
United States Grand Prix,HUL,108.067625,93.544,189.25,161.25
Abu Dhabi Grand Prix,LAW,97.3265,83.472,250.83333333333334,276.4166666666667
Las Vegas Grand Prix,LAW,107.77976923076923,94.087,162.0,198.1764705882353
Mexico City Grand Prix,LAW,88.05,77.162,272.1818181818182,260.0
Qatar Grand Prix,LAW,95.47528571428572,82.411,226.6,260.1
São Paulo Grand Prix,LAW,96.60672222222223,84.484,271.82142857142856,181.0
United States Grand Prix,LAW,105.67819999999999,93.339,204.63636363636363,152.1818181818182
Abu Dhabi Grand Prix,LEC,95.640625,82.98,258.0833333333333,256.4166666666667
Australian Grand Prix,LEC,99.92853333333333,76.304,262.9,289.4
Austrian Grand Prix,LEC,74.83876923076923,65.044,280.77272727272725,211.0
Azerbaijan Grand Prix,LEC,118.38571428571429,101.365,182.65,194.85
Bahrain Grand Prix,LEC,101.91550000000001,89.165,217.31578947368422,232.89473684210526
Belgian Grand Prix,LEC,122.02833333333332,113.754,281.22727272727275,171.9090909090909
British Grand Prix,LEC,101.34192307692307,87.097,280.44444444444446,240.66666666666666
Canadian Grand Prix,LEC,89.38115789473684,72.691,228.85714285714286,265.6190476190476
Chinese Grand Prix,LEC,105.82083333333333,94.289,239.0,237.42105263157896
Dutch Grand Prix,LEC,89.42929411764706,70.582,261.2083333333333,247.79166666666666
Emilia Romagna Grand Prix,LEC,89.23892857142857,74.97,193.33333333333334,228.28571428571428
Hungarian Grand Prix,LEC,88.42646153846155,75.891,249.95,224.95
Italian Grand Prix,LEC,95.17192857142857,79.461,283.3333333333333,291.95238095238096
Japanese Grand Prix,LEC,104.284125,88.786,243.41666666666666,272.6666666666667
Las Vegas Grand Prix,LEC,106.66523529411765,92.783,163.08695652173913,193.56521739130434
Mexico City Grand Prix,LEC,90.30392857142859,76.265,266.04761904761904,270.8095238095238
Miami Grand Prix,LEC,103.18542857142857,87.382,186.76190476190476,163.61904761904762
Monaco Grand Prix,LEC,85.2587619047619,70.27,174.26923076923077,180.53846153846155
Qatar Grand Prix,LEC,97.0919,80.852,225.73076923076923,261.8076923076923
Saudi Arabian Grand Prix,LEC,103.623375,87.791,258.39130434782606,271.9130434782609
Singapore Grand Prix,LEC,107.42672727272726,89.747,275.05555555555554,246.55555555555554
Spanish Grand Prix,LEC,81.08985714285714,71.731,239.58333333333334,253.66666666666666
São Paulo Grand Prix,LEC,95.5974375,84.525,272.76,164.96
United States Grand Prix,LEC,109.60971428571429,92.74,206.9,162.35
Abu Dhabi Grand Prix,MAG,99.91857142857143,83.632,257.90909090909093,245.27272727272728
Australian Grand Prix,MAG,91.41477777777777,77.427,258.7692307692308,290.84615384615387
Austrian Grand Prix,MAG,75.7252,65.347,267.73333333333335,209.13333333333333
Bahrain Grand Prix,MAG,100.71962500000001,90.529,221.41666666666666,238.16666666666666
Belgian Grand Prix,MAG,123.05080000000001,116.5,285.77777777777777,170.55555555555554
British Grand Prix,MAG,104.13933333333334,92.905,283.3333333333333,224.8
Canadian Grand Prix,MAG,87.92458333333333,72.916,236.0,259.8125
Chinese Grand Prix,MAG,113.83275,95.516,250.83333333333334,251.16666666666666
Dutch Grand Prix,MAG,86.3979,71.295,249.46666666666667,234.33333333333334
Emilia Romagna Grand Prix,MAG,92.92060000000001,76.854,186.0,231.375
Hungarian Grand Prix,MAG,88.6516,76.548,250.13333333333333,214.0
Italian Grand Prix,MAG,98.19757142857144,80.698,272.1818181818182,310.3636363636364
Japanese Grand Prix,MAG,97.81466666666667,90.131,270.55555555555554,264.22222222222223
Las Vegas Grand Prix,MAG,114.531,93.297,152.41666666666666,189.75
Mexico City Grand Prix,MAG,87.7645,76.886,267.47058823529414,244.47058823529412
Miami Grand Prix,MAG,105.27116666666666,88.619,189.0,170.22222222222223
Monaco Grand Prix,MAG,88.18999999999998,71.725,159.72222222222223,165.0
Qatar Grand Prix,MAG,96.03126315789474,81.387,220.19230769230768,260.6923076923077
Saudi Arabian Grand Prix,MAG,104.46381818181818,89.02,266.4375,273.25
Singapore Grand Prix,MAG,106.717625,90.653,271.4166666666667,245.33333333333334
Spanish Grand Prix,MAG,89.02799999999999,72.937,232.5,260.1666666666667
United States Grand Prix,MAG,103.94572727272727,93.474,198.52941176470588,153.2941176470588
Abu Dhabi Grand Prix,NOR,97.1908,82.595,253.6875,256.1875
Australian Grand Prix,NOR,92.61123076923076,76.315,267.1666666666667,293.3888888888889
Austrian Grand Prix,NOR,81.13871428571429,64.718,254.05,214.1
Azerbaijan Grand Prix,NOR,119.44200000000001,103.609,169.28571428571428,170.14285714285714
Bahrain Grand Prix,NOR,101.4615,89.614,210.0,236.46666666666667
Belgian Grand Prix,NOR,126.4155294117647,113.981,287.0833333333333,168.5
British Grand Prix,NOR,102.13442857142857,86.03,263.3181818181818,239.71428571428572
Canadian Grand Prix,NOR,85.313,72.021,236.2,261.36
Chinese Grand Prix,NOR,104.825875,94.165,226.4,223.42857142857142
Dutch Grand Prix,NOR,83.48044444444444,69.673,254.42857142857142,246.42857142857142
Emilia Romagna Grand Prix,NOR,89.91941666666666,74.837,200.6315789473684,225.21052631578948
Hungarian Grand Prix,NOR,87.20976923076924,75.227,240.6,227.75
Italian Grand Prix,NOR,92.28014285714286,79.327,269.4166666666667,269.6666666666667
Japanese Grand Prix,NOR,102.87075,88.489,250.15384615384616,275.61538461538464
Las Vegas Grand Prix,NOR,104.74376923076922,93.008,169.25,191.7
Mexico City Grand Prix,NOR,88.23240000000001,76.26,266.6666666666667,259.0
Miami Grand Prix,NOR,101.32264285714287,87.594,189.57142857142858,158.9047619047619
Monaco Grand Prix,NOR,85.93945454545455,70.542,178.1851851851852,182.14814814814815
Qatar Grand Prix,NOR,95.24875,80.772,225.22727272727272,262.59090909090907
Saudi Arabian Grand Prix,NOR,102.72233333333334,88.132,260.4761904761905,271.76190476190476
Singapore Grand Prix,NOR,103.37314285714287,89.525,241.125,222.8125
Spanish Grand Prix,NOR,90.7435,71.383,226.25,232.33333333333334
São Paulo Grand Prix,NOR,95.64190476190477,83.405,267.5357142857143,189.89285714285714
United States Grand Prix,NOR,109.0198181818182,92.33,197.5625,160.6875
Australian Grand Prix,OCO,94.61364705882353,77.617,249.52380952380952,275.95238095238096
Austrian Grand Prix,OCO,78.6648,65.274,254.29166666666666,202.79166666666666
Azerbaijan Grand Prix,OCO,121.81320000000001,104.504,185.75,173.125
Bahrain Grand Prix,OCO,104.57983333333334,90.793,195.44444444444446,225.44444444444446
Belgian Grand Prix,OCO,125.21225,114.46,285.0869565217391,165.7826086956522
British Grand Prix,OCO,103.41862499999999,94.557,270.6,234.9
Canadian Grand Prix,OCO,86.538625,73.435,226.54545454545453,254.45454545454547
Chinese Grand Prix,OCO,106.53566666666667,95.223,225.06666666666666,237.0
Dutch Grand Prix,OCO,84.4335,71.995,254.55555555555554,254.33333333333334
Emilia Romagna Grand Prix,OCO,89.97999999999999,75.906,196.33333333333334,231.46666666666667
Hungarian Grand Prix,OCO,98.181,78.049,259.3333333333333,207.83333333333334
Italian Grand Prix,OCO,96.79572727272726,80.764,281.6875,292.125
Japanese Grand Prix,OCO,104.544125,89.811,247.41666666666666,250.08333333333334
Las Vegas Grand Prix,OCO,108.96871428571428,93.221,161.0,193.72222222222223
Mexico City Grand Prix,OCO,90.7385,77.617,251.22222222222223,262.77777777777777
Miami Grand Prix,OCO,105.96,88.209,204.6,165.33333333333334
Monaco Grand Prix,OCO,87.4545,71.285,185.7,171.7
Qatar Grand Prix,OCO,99.854125,82.714,230.0,271.1
Saudi Arabian Grand Prix,OCO,103.844875,89.475,269.2,300.3
Singapore Grand Prix,OCO,107.435,90.769,262.2,240.6
Spanish Grand Prix,OCO,88.39227272727273,72.109,230.55555555555554,243.44444444444446
São Paulo Grand Prix,OCO,94.49083333333334,84.475,267.8,177.96296296296296
United States Grand Prix,OCO,105.7462,93.597,196.6,168.93333333333334
Abu Dhabi Grand Prix,PER,100.28133333333334,83.264,247.0,269.27777777777777
Australian Grand Prix,PER,95.1118125,76.274,258.72727272727275,286.8636363636364
Austrian Grand Prix,PER,78.724,65.144,267.76190476190476,205.61904761904762
Azerbaijan Grand Prix,PER,117.0993,101.813,193.0,201.53333333333333
Bahrain Grand Prix,PER,103.36449999999999,89.537,220.47058823529412,230.23529411764707
Belgian Grand Prix,PER,127.20385714285715,113.765,274.4761904761905,169.04761904761904
British Grand Prix,PER,108.35533333333335,98.348,242.2,218.5
Canadian Grand Prix,PER,92.78344444444446,73.326,228.0909090909091,258.1818181818182
Chinese Grand Prix,PER,107.71254545454545,93.982,255.23529411764707,242.47058823529412
Dutch Grand Prix,PER,88.11036363636363,70.416,259.52941176470586,254.94117647058823
Emilia Romagna Grand Prix,PER,92.49683333333333,75.706,195.9,220.8
Hungarian Grand Prix,PER,95.229,77.886,246.66666666666666,227.6
Italian Grand Prix,PER,95.9586,80.062,287.70588235294116,296.05882352941177
Japanese Grand Prix,PER,105.59875,88.263,254.08333333333334,268.75
Las Vegas Grand Prix,PER,109.94666666666666,94.155,156.2,186.7
Mexico City Grand Prix,PER,90.57071428571429,77.611,258.3333333333333,268.3333333333333
Miami Grand Prix,PER,100.96781818181817,87.46,195.77777777777777,155.72222222222223
Monaco Grand Prix,PER,88.6021,72.06,158.66666666666666,183.0
Qatar Grand Prix,PER,98.97333333333334,81.425,228.72727272727272,263.8636363636364
Saudi Arabian Grand Prix,PER,104.47575,87.807,270.89473684210526,270.22222222222223
Singapore Grand Prix,PER,107.624,90.579,273.07142857142856,242.0
Spanish Grand Prix,PER,91.13145454545455,72.054,240.16666666666666,251.77777777777777
São Paulo Grand Prix,PER,98.19781818181818,88.158,245.11111111111111,154.0625
United States Grand Prix,PER,107.7674,93.02,194.1764705882353,156.64705882352942
Abu Dhabi Grand Prix,PIA,99.0109,82.804,247.9375,268.75
Australian Grand Prix,PIA,95.0465,76.572,261.94117647058823,296.8235294117647
Austrian Grand Prix,PIA,76.9112,64.786,268.2352941176471,200.41176470588235
Azerbaijan Grand Prix,PIA,119.03608333333334,101.686,184.6315789473684,192.47368421052633
Bahrain Grand Prix,PIA,101.2710909090909,89.683,220.88888888888889,238.22222222222223
Belgian Grand Prix,PIA,125.59326666666668,114.027,258.39130434782606,170.08695652173913
British Grand Prix,PIA,101.95264705882353,86.237,274.7083333333333,241.08333333333334
Canadian Grand Prix,PIA,88.46404166666667,72.103,223.72413793103448,262.8965517241379
Chinese Grand Prix,PIA,104.758375,94.273,251.3125,243.625
Dutch Grand Prix,PIA,84.8915,70.172,257.0,241.6875
Emilia Romagna Grand Prix,PIA,87.15775,74.82,205.86666666666667,213.4
Hungarian Grand Prix,PIA,87.69641666666666,75.249,244.1,228.47368421052633
Italian Grand Prix,PIA,95.16616666666665,79.436,267.4736842105263,304.3157894736842
Japanese Grand Prix,PIA,103.85425000000001,88.76,238.33333333333334,270.0
Las Vegas Grand Prix,PIA,108.11207142857143,93.024,159.0952380952381,186.52380952380952
Mexico City Grand Prix,PIA,88.29283333333335,77.597,246.375,270.0
Miami Grand Prix,PIA,106.415,87.675,188.05263157894737,150.21052631578948
Monaco Grand Prix,PIA,85.39644444444444,70.424,181.04166666666666,174.83333333333334
Qatar Grand Prix,PIA,101.29975,80.829,224.45454545454547,249.9090909090909
Saudi Arabian Grand Prix,PIA,100.34993333333334,88.089,262.76190476190476,298.1904761904762
Singapore Grand Prix,PIA,102.89377777777777,89.64,254.35294117647058,231.94117647058823
Spanish Grand Prix,PIA,87.471,72.011,231.0625,244.375
São Paulo Grand Prix,PIA,93.8800625,84.686,256.34615384615387,179.4
United States Grand Prix,PIA,110.50053846153847,92.95,197.78947368421052,156.0
Australian Grand Prix,RIC,94.263,77.466,261.3333333333333,291.5
Austrian Grand Prix,RIC,75.25022222222222,65.289,269.93333333333334,213.6
Azerbaijan Grand Prix,RIC,119.92585714285714,103.547,181.55555555555554,193.66666666666666
Bahrain Grand Prix,RIC,101.469375,90.278,221.08333333333334,233.25
Belgian Grand Prix,RIC,130.6998,114.682,283.0,173.0
British Grand Prix,RIC,101.24784615384615,87.949,282.5882352941176,239.7058823529412
Canadian Grand Prix,RIC,87.10457894736842,72.178,238.64,264.32
Chinese Grand Prix,RIC,109.99499999999999,94.934,233.25,229.66666666666666
Dutch Grand Prix,RIC,86.85357142857143,71.943,255.55555555555554,261.77777777777777
Emilia Romagna Grand Prix,RIC,87.8591111111111,75.674,195.0,229.26666666666668
Hungarian Grand Prix,RIC,88.73008333333333,76.202,249.31578947368422,214.68421052631578
Italian Grand Prix,RIC,95.425,80.479,289.5833333333333,296.25
Japanese Grand Prix,RIC,102.333875,89.472,253.41666666666666,275.8333333333333
Miami Grand Prix,RIC,101.95800000000001,88.617,186.22222222222223,163.88888888888889
Monaco Grand Prix,RIC,88.31017647058823,71.482,182.9,175.2
Saudi Arabian Grand Prix,RIC,99.07487499999999,89.025,266.5833333333333,294.9166666666667
Singapore Grand Prix,RIC,107.42766666666667,91.085,223.83333333333334,249.33333333333334
Spanish Grand Prix,RIC,91.78800000000001,73.075,254.66666666666666,271.55555555555554
Abu Dhabi Grand Prix,RUS,96.88818181818182,83.132,254.6315789473684,268.1578947368421
Australian Grand Prix,RUS,96.64855555555556,76.724,244.3181818181818,287.72727272727275
Austrian Grand Prix,RUS,79.69636363636363,64.84,265.5,198.44444444444446
Azerbaijan Grand Prix,RUS,118.05776923076922,101.874,179.8,196.2
Bahrain Grand Prix,RUS,108.4540909090909,89.485,200.64705882352942,216.1764705882353
Belgian Grand Prix,RUS,124.9542857142857,114.095,293.04545454545456,170.95454545454547
British Grand Prix,RUS,98.49227777777777,85.819,284.125,245.12
Canadian Grand Prix,RUS,87.27066666666667,71.742,224.26923076923077,254.84615384615384
Chinese Grand Prix,RUS,112.21691666666668,94.433,252.0,251.35
Dutch Grand Prix,RUS,87.35450000000002,70.244,269.44444444444446,254.05555555555554
Emilia Romagna Grand Prix,RUS,88.44399999999999,75.234,197.55555555555554,229.44444444444446
Hungarian Grand Prix,RUS,89.3772857142857,77.968,255.0,217.88888888888889
Italian Grand Prix,RUS,93.57063636363637,79.44,279.1111111111111,307.0
Japanese Grand Prix,RUS,106.51010000000001,89.008,253.0,260.2
Las Vegas Grand Prix,RUS,109.22305263157894,92.312,162.16,190.64
Mexico City Grand Prix,RUS,89.1741,76.356,277.05555555555554,260.3888888888889
Miami Grand Prix,RUS,101.02407692307693,88.067,188.1904761904762,153.57142857142858
Monaco Grand Prix,RUS,89.43545833333333,70.543,186.57142857142858,167.28571428571428
Qatar Grand Prix,RUS,102.04490909090909,80.575,227.96428571428572,264.10714285714283
Saudi Arabian Grand Prix,RUS,106.061,88.316,269.04761904761904,274.76190476190476
Singapore Grand Prix,RUS,102.58957142857143,89.867,278.11764705882354,246.0625
Spanish Grand Prix,RUS,83.90355555555556,71.703,228.625,252.3125
São Paulo Grand Prix,RUS,97.44529411764705,83.578,275.0357142857143,184.0
United States Grand Prix,RUS,109.74225,92.974,178.07142857142858,158.14285714285714
Abu Dhabi Grand Prix,SAI,98.7393,82.824,251.5625,272.0
Australian Grand Prix,SAI,91.89261538461538,76.185,254.55555555555554,282.8888888888889
Austrian Grand Prix,SAI,77.90272727272728,64.851,279.55555555555554,209.88888888888889
Azerbaijan Grand Prix,SAI,122.465875,101.805,177.43478260869566,183.08695652173913
Bahrain Grand Prix,SAI,100.43436363636364,89.507,210.77777777777777,230.88888888888889
Belgian Grand Prix,SAI,127.1384375,114.112,277.2608695652174,158.8695652173913
British Grand Prix,SAI,98.2161875,86.509,273.25,241.2173913043478
Canadian Grand Prix,SAI,88.42205,72.728,228.8181818181818,254.22727272727272
Chinese Grand Prix,SAI,109.26010000000001,94.297,249.7058823529412,245.58823529411765
Dutch Grand Prix,SAI,90.55015384615385,70.914,250.94444444444446,253.05555555555554
Emilia Romagna Grand Prix,SAI,91.83123076923077,75.233,183.8,230.4
Hungarian Grand Prix,SAI,93.10135294117647,75.696,244.2,223.64
Italian Grand Prix,SAI,95.97233333333334,79.467,288.55555555555554,297.3333333333333
Japanese Grand Prix,SAI,104.318,88.682,255.58333333333334,268.3333333333333
Las Vegas Grand Prix,SAI,113.11814999999999,92.41,158.375,193.95833333333334
Mexico City Grand Prix,SAI,91.739,75.946,268.1904761904762,266.14285714285717
Miami Grand Prix,SAI,99.73233333333333,87.455,188.61904761904762,157.04761904761904
Monaco Grand Prix,SAI,88.41759090909092,70.518,167.28571428571428,178.96428571428572
Qatar Grand Prix,SAI,103.43855,81.041,222.6153846153846,252.34615384615384
Singapore Grand Prix,SAI,108.22566666666665,90.108,260.625,241.8125
Spanish Grand Prix,SAI,84.47571428571429,71.736,231.41666666666666,256.1666666666667
São Paulo Grand Prix,SAI,96.93791666666668,89.406,269.5,185.5
United States Grand Prix,SAI,111.27884615384616,92.652,190.73684210526315,157.89473684210526
Austrian Grand Prix,SAR,76.30216666666666,65.856,284.3333333333333,200.22222222222223
Bahrain Grand Prix,SAR,104.09,90.77,216.33333333333334,245.83333333333334
Belgian Grand Prix,SAR,122.221,117.23,288.125,168.875
British Grand Prix,SAR,105.7733125,87.175,282.1,233.1578947368421
Canadian Grand Prix,SAR,89.64852631578947,72.736,229.3181818181818,264.8181818181818
Chinese Grand Prix,SAR,106.49933333333333,96.358,268.2857142857143,245.71428571428572
Emilia Romagna Grand Prix,SAR,90.2844,76.731,189.0,242.0
Hungarian Grand Prix,SAR,89.340625,76.543,239.30769230769232,214.15384615384616
Japanese Grand Prix,SAR,100.80975,90.139,256.1666666666667,281.1666666666667
Miami Grand Prix,SAR,102.1366,88.487,203.5,168.125
Monaco Grand Prix,SAR,86.8529,72.02,182.66666666666666,175.08333333333334
Saudi Arabian Grand Prix,SAR,110.28228571428572,89.526,268.6666666666667,285.22222222222223
Spanish Grand Prix,SAR,90.91416666666667,73.509,241.11111111111111,260.3333333333333
Abu Dhabi Grand Prix,STR,98.583,83.729,262.14285714285717,224.71428571428572
Australian Grand Prix,STR,91.66033333333333,76.78,250.4090909090909,289.6363636363636
Austrian Grand Prix,STR,82.188,65.819,263.22222222222223,189.77777777777777
Azerbaijan Grand Prix,STR,119.35060000000001,103.37,174.57142857142858,194.71428571428572
Bahrain Grand Prix,STR,102.52674999999999,89.965,217.0,236.5
Belgian Grand Prix,STR,126.02554545454545,115.716,271.2352941176471,171.23529411764707
British Grand Prix,STR,100.75094117647059,86.585,267.4583333333333,243.41666666666666
Canadian Grand Prix,STR,87.41199999999999,72.659,235.88,262.96
Chinese Grand Prix,STR,109.6177142857143,94.838,241.0,235.66666666666666
Dutch Grand Prix,STR,87.46557142857144,70.661,232.73684210526315,254.6315789473684
Emilia Romagna Grand Prix,STR,94.46890909090911,75.992,200.73333333333332,238.73333333333332
Hungarian Grand Prix,STR,94.32838461538462,76.075,227.8095238095238,215.14285714285714
Italian Grand Prix,STR,96.08025,81.013,258.1666666666667,277.6666666666667
Japanese Grand Prix,STR,103.20875000000001,90.024,250.16666666666666,261.3333333333333
Las Vegas Grand Prix,STR,109.006,94.484,163.33333333333334,199.0
Mexico City Grand Prix,STR,91.91044444444444,77.294,245.15384615384616,256.7692307692308
Miami Grand Prix,STR,103.4905,88.177,199.73333333333332,176.33333333333334
Monaco Grand Prix,STR,87.59384615384616,71.563,176.0,177.64705882352942
Qatar Grand Prix,STR,101.5672,81.911,220.21428571428572,247.85714285714286
Saudi Arabian Grand Prix,STR,103.52161538461539,88.25,274.8421052631579,276.6842105263158
Singapore Grand Prix,STR,100.39266666666667,91.094,228.16666666666666,236.33333333333334
Spanish Grand Prix,STR,90.4404,72.372,220.4,240.33333333333334
São Paulo Grand Prix,STR,97.67975,86.334,263.0,187.875
United States Grand Prix,STR,105.23933333333333,93.759,190.28571428571428,154.5
Abu Dhabi Grand Prix,TSU,98.455875,83.419,233.58333333333334,267.5
Australian Grand Prix,TSU,96.027,76.788,261.6470588235294,281.94117647058823
Austrian Grand Prix,TSU,78.7981,65.412,276.8,201.6
Azerbaijan Grand Prix,TSU,121.30216666666666,103.035,177.4375,189.5625
Bahrain Grand Prix,TSU,100.862875,90.129,210.66666666666666,239.83333333333334
Belgian Grand Prix,TSU,124.52975,116.593,272.125,172.625
British Grand Prix,TSU,99.08483333333334,87.269,282.88235294117646,241.5
Canadian Grand Prix,TSU,86.89544444444444,72.303,225.20833333333334,255.375
Chinese Grand Prix,TSU,108.19116666666666,95.746,259.8888888888889,257.22222222222223
Dutch Grand Prix,TSU,84.80827272727272,70.955,246.4,254.06666666666666
Emilia Romagna Grand Prix,TSU,86.38788888888888,75.358,200.6,210.53333333333333
Hungarian Grand Prix,TSU,89.55915384615385,76.121,245.65,218.6315789473684
Italian Grand Prix,TSU,96.71175,80.945,278.1666666666667,302.0
Japanese Grand Prix,TSU,101.24841666666667,89.413,253.83333333333334,255.72222222222223
Las Vegas Grand Prix,TSU,107.83077777777777,93.029,159.8,190.64
Mexico City Grand Prix,TSU,91.21416666666666,77.129,257.3636363636364,261.72727272727275
Miami Grand Prix,TSU,104.49235714285714,88.167,183.0952380952381,156.85714285714286
Monaco Grand Prix,TSU,85.92221052631578,70.858,177.56,175.8
Qatar Grand Prix,TSU,100.78108333333334,81.771,215.0,265.75
Saudi Arabian Grand Prix,TSU,99.53681818181818,88.547,271.27777777777777,286.8888888888889
Singapore Grand Prix,TSU,107.88544444444443,90.289,265.94117647058823,230.5625
Spanish Grand Prix,TSU,92.61716666666666,72.985,219.44444444444446,257.1111111111111
São Paulo Grand Prix,TSU,97.53022222222222,84.111,274.55555555555554,182.8846153846154
United States Grand Prix,TSU,105.41444444444444,93.506,193.57142857142858,150.21428571428572
Abu Dhabi Grand Prix,VER,93.74122222222223,82.945,242.93333333333334,262.53333333333336
Australian Grand Prix,VER,95.011,75.915,248.1904761904762,278.76190476190476
Austrian Grand Prix,VER,77.17933333333333,64.314,254.0,218.38888888888889
Azerbaijan Grand Prix,VER,113.58507692307693,102.023,192.75,216.45
Bahrain Grand Prix,VER,102.43945454545455,89.179,220.52941176470588,232.58823529411765
Belgian Grand Prix,VER,122.31416666666667,113.159,268.0952380952381,164.47619047619048
British Grand Prix,VER,99.21729411764706,86.203,278.2916666666667,241.33333333333334
Canadian Grand Prix,VER,90.64636363636363,72.0,223.92592592592592,255.92592592592592
Chinese Grand Prix,VER,109.20872727272727,93.66,242.44444444444446,249.47058823529412
Dutch Grand Prix,VER,81.50925,70.029,250.28571428571428,253.85714285714286
Emilia Romagna Grand Prix,VER,86.19654545454546,74.746,197.88888888888889,224.38888888888889
Hungarian Grand Prix,VER,88.49053846153846,75.273,230.0,219.25
Italian Grand Prix,VER,94.0468181818182,79.662,275.44444444444446,281.0
Japanese Grand Prix,VER,102.594375,88.197,255.41666666666666,266.75
Las Vegas Grand Prix,VER,102.8804375,92.797,168.0952380952381,201.42857142857142
Mexico City Grand Prix,VER,88.85516666666666,76.171,253.16666666666666,259.8333333333333
Miami Grand Prix,VER,96.5404,87.241,187.22222222222223,174.44444444444446
Monaco Grand Prix,VER,86.62247826086957,70.567,179.85714285714286,176.67857142857142
Qatar Grand Prix,VER,98.320375,80.52,221.9090909090909,257.8181818181818
Saudi Arabian Grand Prix,VER,101.46358333333335,87.472,275.6111111111111,277.8333333333333
Singapore Grand Prix,VER,100.79177777777778,89.68,266.8235294117647,252.0
Spanish Grand Prix,VER,83.37757142857143,71.403,228.41666666666666,241.66666666666666
São Paulo Grand Prix,VER,99.64941666666665,87.771,255.8421052631579,168.875
United States Grand Prix,VER,105.33509090909091,92.361,192.41176470588235,174.2941176470588
Abu Dhabi Grand Prix,ZHO,99.449,83.88,249.16666666666666,277.6666666666667
Australian Grand Prix,ZHO,95.72942857142857,78.188,254.33333333333334,260.8888888888889
Austrian Grand Prix,ZHO,76.93966666666667,66.061,290.3333333333333,214.55555555555554
Azerbaijan Grand Prix,ZHO,122.20824999999999,104.246,172.4,179.2
Bahrain Grand Prix,ZHO,102.071,90.757,225.83333333333334,246.5
Belgian Grand Prix,ZHO,128.25285714285715,117.775,283.44444444444446,172.33333333333334
British Grand Prix,ZHO,103.96023529411765,87.867,275.4,233.33333333333334
Canadian Grand Prix,ZHO,84.634375,74.292,235.27272727272728,263.27272727272725
Chinese Grand Prix,ZHO,108.4882,95.505,260.375,254.25
Dutch Grand Prix,ZHO,85.22216666666667,73.261,261.22222222222223,230.88888888888889
Emilia Romagna Grand Prix,ZHO,100.42557142857143,76.834,201.88888888888889,218.33333333333334
Hungarian Grand Prix,ZHO,92.9093,78.037,255.25,225.25
Italian Grand Prix,ZHO,92.04883333333333,81.445,300.8888888888889,311.3333333333333
Japanese Grand Prix,ZHO,103.10425000000001,90.143,254.16666666666666,254.0
Las Vegas Grand Prix,ZHO,110.02684615384615,93.566,168.76470588235293,191.35294117647058
Mexico City Grand Prix,ZHO,87.72616666666666,78.072,266.0,272.55555555555554
Miami Grand Prix,ZHO,99.90066666666667,88.824,203.11111111111111,156.11111111111111
Monaco Grand Prix,ZHO,89.12866666666667,73.028,174.0909090909091,175.8181818181818
Qatar Grand Prix,ZHO,99.14906666666667,81.501,220.8421052631579,257.0
Saudi Arabian Grand Prix,ZHO,121.101,121.101,248.5,203.5
Singapore Grand Prix,ZHO,115.074,92.054,268.1111111111111,234.33333333333334
Spanish Grand Prix,ZHO,90.1964,72.738,224.0,238.8
São Paulo Grand Prix,ZHO,97.09177777777778,92.263,242.72727272727272,179.91666666666666
United States Grand Prix,ZHO,112.86757142857142,94.228,196.0,155.77777777777777
